{"isTutorial":true,"music_volum":0.1695178747177124,"sound_volum":0.20293286442756654}